"tweet_user_id","retweeted_user_id"
"255799600","93659369"
"1117168138192179202","1064910033773830144"
"1083481716709359616","1108710676921499648"
"1083481716709359616","1108710676921499648"
"744461397732450304","3770390538"
"1700341608","2207421862"
"2778079148","2860118762"
"747572644648783872","4582147815"
"829949470334935040","2207421862"
"403624562","3290936026"
"957190963515936769","3770390538"
"2202451968","3770390538"
"1064684599626948608","2207421862"
"802771606233714689","3770390538"
"1104275078835924992","3770390538"
"920915181219262466","875719190816182272"
"19104099","917585339148935168"
"1006744913122230274","3770390538"
"711969880451342336","3770390538"
"867291588094906368","773908258780221440"
"2810093845","3770390538"
"2842610056","1391578778"
"1098686218085302272","1011081309576409090"
"1106222604472463360","2207421862"
"1049389365686915078","93659369"
"2813791405","3770390538"
"835099071245336577","977946836882415616"
"731476921326821377","3770390538"
"776423280","818953972635566080"
"3090298505","4912870574"
"1904541648","1391578778"
"916251876999475200","4912870574"
"1958730439","4912870574"
"3193128664","4912870574"
"1963238552","4912870574"
"832387061239906304","4912870574"
"217736439","4912870574"
"932855370665443328","4912870574"
"891312635810955264","4912870574"
"755808396981436416","3166501473"
"863494288369254400","4912870574"
"907099694","4912870574"
"1065307292214718465","4912870574"
"742809812572995584","4912870574"
"1124002188257300481","4912870574"
"1125575342142308353","4912870574"
"934385611401609218","4912870574"
"1067285046703333376","4912870574"
"1609227246","4912870574"
"1034588362341081088","2207421862"
"1107729348","4912870574"
"938413241859837952","4912870574"
"1067398261567238146","4912870574"
"761194200117317632","4912870574"
"1081958282980458497","4912870574"
"774649284604157952","4912870574"
"952820245101768704","4912870574"
"2863812706","4912870574"
"2227800294","4912870574"
"1051878484451168256","4912870574"
"902546072634982400","4912870574"
"1082180311192985600","3770390538"
"4303301729","2207421862"
"740580009576927232","4912870574"
"1008118578711842816","4912870574"
"1968695532","2207421862"
"1111650764479442946","4912870574"
"485912228","818953972635566080"
"977921289661964288","4912870574"
"3059284066","4912870574"
"1064385946399862784","4912870574"
"4697292505","4912870574"
"1070109227165700096","2207421862"
"876983414074654721","4912870574"
"1096581954844147713","4912870574"
"3416246619","4912870574"
"915473291145510912","4912870574"
"4117441517","4912870574"
"1023940149611245568","4912870574"
"763812374","4912870574"
"847052460934008832","4912870574"
"966775659937845249","4912870574"
"893857523761119232","4912870574"
"3105570050","4912870574"
"1064401239738277888","4912870574"
"1064581308939067392","4912870574"
"703669676","4912870574"
"1011607917567635466","4912870574"
"884803982559936512","4912870574"
"912308721635569664","4912870574"
"703565896808329216","4912870574"
"1287631651","4912870574"
"718848344563523584","1391578778"
"732106133293305856","3770390538"
"1076700249887043589","4912870574"
"732106133293305856","4912870574"
"796436872222437376","4912870574"
"767863056416342016","4912870574"
"975793968150532096","868985900356608002"
"817521690","1391578778"
"4288202172","4912870574"
"4914809959","4912870574"
"800770880","4912870574"
"929644284780994560","4912870574"
"2939329815","4912870574"
"119427785","818953972635566080"
"1013286836276473856","2207421862"
"1969127310","868985900356608002"
"815939866190106624","4912870574"
"463243474","4912870574"
"2698716385","4912870574"
"785464806585360384","4912870574"
"451682565","1082867607819206658"
"858287447083548672","4582147815"
"858287447083548672","4582147815"
"1105253592833970176","1082867607819206658"
"2239662882","4912870574"
"2630795417","4912870574"
"1064454433914769409","4912870574"
"280599899","3313274687"
"1055456317895335937","4912870574"
"1016850283966550016","4912870574"
"1442024647","1082867607819206658"
"1125717147634814978","1082867607819206658"
"708791564823339008","4912870574"
"1125836754483855362","1125836754483855362"
"198217660","1069494120"
"2689934547","4912870574"
"3770390538","3770390538"
"1089653702787563525","4912870574"
"767693787221164032","4912870574"
"1117168138192179202","4464338416"
"1065366653028970496","4912870574"
"2329017907","4912870574"
"1053990202723762181","4912870574"
"1125124650206400514","1082867607819206658"
"4620585857","2577620090"
"1065382109920006149","4912870574"
"835099071245336577","1108710676921499648"
"2468506634","4912870574"
"4291002797","4912870574"
"1115061775848955905","4912870574"
"945215475180503040","4912870574"
"971526793055424518","4912870574"
"954276003286745088","795669709152722944"
"2908822862","4912870574"
"1068952300339761152","795669709152722944"
"927949117254336512","4912870574"
"1092601173058543617","1029123401900687360"
"915885313771364352","795669709152722944"
"825666582651293698","2184004813"
"834845864300457984","4912870574"
"890965282755407872","4912870574"
"965088217","4912870574"
"722537787518533632","3643068928"
"890967112189136899","4912870574"
"954276003286745088","949207662021042178"
"730472853775261698","4912870574"
"890354832053346304","4912870574"
"909300714056196096","4912870574"
"2914301812","1331186258"
"4078516983","3643068928"
"100495378","2941667585"
"965088217","3586426515"
"1076889154519068672","3770390538"
"3067344479","4912870574"
"1110987583063027715","717445408444837890"
"2650835887","4912870574"
"978671909352148993","1088329751872253953"
"1016060391502372865","904697932812869633"
"1112744970111340544","1108964176880230401"
"977584761714692096","4912870574"
"1369512726","2706981602"
"551082183","1108964176880230401"
"705062574656716802","4912870574"
"826453941420429312","4912870574"
"1047200095949733888","4912870574"
"1117168138192179202","2337993291"
"904697932812869633","904697932812869633"
"69755941","904697932812869633"
"845740832829460481","904697932812869633"
"1010770708803276800","4912870574"
"3206243117","1963460600"
"882909595370442752","904697932812869633"
"1120096252870438917","968543027017977858"
"1369512726","2706981602"
"821175898015727617","3643068928"
"755808396981436416","2980129686"
"1059492101992398849","1108964176880230401"
"869676414408302592","228036188"
"3147665556","4912870574"
"522645792","3643068928"
"968638890931376128","3237247119"
"3188369350","970439367004180482"
"2471938756","2980129686"
"746618785835036672","904697932812869633"
"1054008687570743296","2184004813"
"887401871257858052","1088329751872253953"
"125394377","1088329751872253953"
"2917262321","904697932812869633"
"850170900","1039171055133315072"
"1088470548160659460","1108964176880230401"
"2868343335","1088329751872253953"
"1238115564","1088329751872253953"
"864494939404742656","970439367004180482"
"780538709141692416","1088329751872253953"
"965228726370951168","1088329751872253953"
"1081182167722471424","1088329751872253953"
"696795182675726336","4912870574"
"1098806864177975301","1088329751872253953"
"1029855301355413504","4912870574"
"708377293933158400","1088329751872253953"
"1116372335655882752","1116372335655882752"
"1091105255595667457","1088329751872253953"
"3379375204","1017610846371905536"
"3669530308","1088329751872253953"
"4917866373","1088329751872253953"
"1125575342142308353","2207421862"
"2984652671","1035306116257865728"
"257282695","1108964176880230401"
"761981979940294656","4912870574"
"76380806","54324138"
"721684063581511680","1088329751872253953"
"1070109227165700096","1088329751872253953"
"903606845868257280","2758758563"
"1012544295306395649","4912870574"
"3253487800","1088329751872253953"
"897659885403467777","4912870574"
"965088217","1088329751872253953"
"797212688426401792","1088329751872253953"
"885906404082667524","4912870574"
"1064860809602322432","4912870574"
"2161228395","1088329751872253953"
"855517651350597632","3770390538"
"2852264156","4912870574"
"1084354661522395137","1088329751872253953"
"720441923136131072","1088329751872253953"
"1095889608028631040","1088329751872253953"
"938585459017465856","1088329751872253953"
"1727458920","1088329751872253953"
"1009408484067115008","1026722844590395394"
"864788852128464896","2184004813"
"241244780","1088329751872253953"
"896774079004495872","853612936157437952"
"3743905041","4912870574"
"876862697630859266","1088329751872253953"
"1125771140163612672","2184004813"
"868850874306527232","1088329751872253953"
"1028672035713507328","4912870574"
"1112200380044075009","1088329751872253953"
"783763969202876416","4912870574"
"847203584190173185","4912870574"
"2902484548","1048625592877367297"
"749819763480600576","1088329751872253953"
"726706331579760640","1963460600"
"876451236438056960","4912870574"
"748545497338634240","904697932812869633"
"809439056274845696","1088329751872253953"
"987896712","960265808827113473"
"3255786916","1088329751872253953"
"2875192328","1088329751872253953"
"4258988675","1048625592877367297"
"1001114319654936578","1088329751872253953"
"750393006","3166501473"
"915986939844669440","4912870574"
"53365775","1069494120"
"989192176390295554","1088329751872253953"
"1061369753749590017","1088329751872253953"
"872045958040879105","1088329751872253953"
"333567359","1088329751872253953"
"869988356918095872","1088329751872253953"
"2939009155","2184004813"
"1058809401258070016","786215160721485824"
"1096949820202209281","1088329751872253953"
"838266722163507201","4912870574"
"1032805336737099778","1037344098552893440"
"731160596272586752","1088329751872253953"
"1124307976645435393","1088329751872253953"
"1047858798914940929","1088329751872253953"
"1018613196586999808","1088329751872253953"
"900113814858891264","904697932812869633"
"769089209810427905","4912870574"
"1101221256689520641","1088329751872253953"
"2338753075","2980129686"
"1025401778425262081","1088329751872253953"
"393434139","3237247119"
"703992421458309120","1088329751872253953"
"617304746","1088329751872253953"
"943696740565340161","2207421862"
"1011202384566120448","1088329751872253953"
"1291224313","904697932812869633"
"891637005750349824","1088329751872253953"
"1112035633760006145","807663568585953288"
"921043332394037249","1088329751872253953"
"712924720501489665","1088329751872253953"
"2836496050","4912870574"
"967137353721577473","1088329751872253953"
"95852620","964246058539933698"
"2760466082","1088329751872253953"
"967142130350219266","1088329751872253953"
"939192746572689408","1088329751872253953"
"986843635638398977","1088329751872253953"
"967142130350219266","4912870574"
"3054166434","4912870574"
"1009653523137605633","4912870574"
"1692060146","1088329751872253953"
"746673230191067137","4912870574"
"282800609","818953972635566080"
"905735788272394244","4912870574"
"2811720224","1088329751872253953"
"3013404293","818953972635566080"
"902596427016110080","4912870574"
"763812374","1088329751872253953"
"4167739533","1088329751872253953"
"4188292193","1088329751872253953"
"888742903685763072","964174849789906945"
"748455107130462208","4912870574"
"787297800333688833","4912870574"
"1412813029","4912870574"
"577001674","4912870574"
"624466615","1088329751872253953"
"828897376530264066","4912870574"
"962219190538199041","1064910033773830144"
"920915181219262466","875719190816182272"
"2911527567","1963460600"
"740903428210167808","106411705"
"860833065932861441","4912870574"
"1060117295467442176","4912870574"
"2449592683","1088329751872253953"
"1113350702170927104","904697932812869633"
"860746787677769729","4912870574"
"1091996451209707520","1088329751872253953"
"1083075578671046657","996667124318916608"
"1099855953795604480","1088329751872253953"
"1043810519931670528","1088329751872253953"
"1125386961294974977","1088329751872253953"
"864794732542570496","1088329751872253953"
"736210678424457216","4912870574"
"836057514","4912870574"
"4173417553","1713527198"
"1120181386508414976","1011081309576409090"
"1099864194906615808","1088329751872253953"
"732106133293305856","1088329751872253953"
"1099869774358560770","1088329751872253953"
"3935772434","1088329751872253953"
"762917577077035013","4912870574"
"975216209359753216","1088329751872253953"
"1052197958081531904","1088329751872253953"
"1096649822721867781","1088329751872253953"
"2237347512","4164889577"
"791187052444389376","1088329751872253953"
"747572644648783872","4582147815"
"858287447083548672","4582147815"
"962219190538199041","1100489588630568961"
"3341506180","4912870574"
"4220842899","4912870574"
"2527339603","4912870574"
"993015355214675969","1713527198"
"1125346198574063616","239054727"
"1101791735221444609","1088329751872253953"
"1482334470","303404162"
"1101779235834748928","1088329751872253953"
"2238810722","1100489588630568961"
"433771085","749197086"
"934199900081766400","1088329751872253953"
"1482334470","303404162"
"802277242827063296","919610679077883904"
"4854625715","4483891900"
"1092601173058543617","1029123401900687360"
"1101795128530726913","1088329751872253953"
"2469862459","1088329751872253953"
"2691139891","749197086"
"1630224998","1088329751872253953"
"1102507683867836417","1088329751872253953"
"1102534537857253376","1088329751872253953"
"1969127310","1057356917675319297"
"1102227518432649216","749197086"
"1102536943357681665","1088329751872253953"
"557732674","321469216"
"1651917032","733650554816192514"
"711489584945897473","1088329751872253953"
"416811142","1080945274569125888"
"830582444856373249","1100489588630568961"
"1073257741563482112","4912870574"
"1105447517246742529","1088329751872253953"
"818314028099530756","1057356917675319297"
"2921708960","1088329751872253953"
"1043005298259050501","733650554816192514"
"1105476754183925760","1088329751872253953"
"825666582651293698","733650554816192514"
"1048857746","749197086"
"1949223030","452114712"
"1105441409102884864","1088329751872253953"
"1526115338","313363829"
"830582444856373249","1258181269"
"830582444856373249","228036188"
"1120247410033401856","733650554816192514"
"996482316481454080","805803519026544641"
"2896195539","721507135033577472"
"1118121712305020930","721507135033577472"
"1051152162791809025","733650554816192514"
"818314028099530756","978950628599910402"
"1111936136","733650554816192514"
"732106133293305856","733650554816192514"
"4169193072","3083927049"
"380278182","721507135033577472"
"1022307989523517440","721507135033577472"
"881605595220127745","740577725065355266"
"1094158480255025152","1088329751872253953"
"1109910377054306305","1088329751872253953"
"927426106109583360","813434147331014659"
"834760761247461376","1100489588630568961"
"1104458707969150978","813434147331014659"
"1001114319654936578","813434147331014659"
"1974886957","813434147331014659"
"891727175052873728","813434147331014659"
"1052197958081531904","813434147331014659"
"613310770","813434147331014659"
"752643563285016579","733650554816192514"
"861246465775153152","4912870574"
"4441685055","904697932812869633"
"835099071245336577","1100854404314554370"
"414629679","813434147331014659"
"610358180","303404162"
"826707640902414336","3083927049"
"1091199799754280961","904697932812869633"
"141186468","2613851196"
"1116665873677398017","813434147331014659"
"1102227518432649216","749197086"
"94514670","733650554816192514"
"810624568024907776","1088329751872253953"
"851538448657895424","733650554816192514"
"785516755309461504","1088329751872253953"
"1689035935","813434147331014659"
"835099071245336577","1108710676921499648"
"740580009576927232","904697932812869633"
"835099071245336577","1108710676921499648"
"937193661514768384","813434147331014659"
"879806938304983042","4912870574"
"813430212151115776","1000348145648373761"
"825666582651293698","1108710676921499648"
"783703173848530944","1000348145648373761"
"433771085","749197086"
"4713517769","1088329751872253953"
"737586308","813434147331014659"
"833229783471357952","813434147331014659"
"2249891725","733650554816192514"
"3246402896","733650554816192514"
"43592599","849741614868295682"
"755808396981436416","579967936"
"755808396981436416","3166501473"
"904719905077022720","4912870574"
"946713754062000128","1001118460242427905"
"1008304302220333056","1088329751872253953"
"1061369753749590017","813434147331014659"
"1066861250326536192","849741614868295682"
"3344087254","733650554816192514"
"3319341210","1088329751872253953"
"2325397176","1114498613319696384"
"933335035935186945","813434147331014659"
"3353307341","733650554816192514"
"1121782168877961216","1088329751872253953"
"589473501","749197086"
"2740583538","748218022167482368"
"1100862387748552705","1088329751872253953"
"1103697518163120128","1088329751872253953"
"974347280","1084392306092969984"
"1103697527126278144","1088329751872253953"
"947008816050139136","748218022167482368"
"761986740798230528","748218022167482368"
"847129119091494913","748218022167482368"
"2894606999","748218022167482368"
"921043332394037249","748218022167482368"
"950962786917670912","748218022167482368"
"1070771173661859840","748218022167482368"
"1111707395854688256","748218022167482368"
"2471248969","748218022167482368"
"1045603189762928640","748218022167482368"
"824661548069253120","748218022167482368"
"836057514","748218022167482368"
"1109964842","748218022167482368"
"1124438057648836610","748218022167482368"
"735708666813284352","748218022167482368"
"1125236285914976258","748218022167482368"
"976236709192110082","748218022167482368"
"4899033831","748218022167482368"
"935045711107842048","748218022167482368"
"897906920769679360","748218022167482368"
"777479961296924672","748218022167482368"
"1111743256377856001","748218022167482368"
"1064598826202398722","748218022167482368"
"1001737188382597121","748218022167482368"
"2640182112","748218022167482368"
"872478062226616321","748218022167482368"
"1123637312351612928","748218022167482368"
"1116139584826617857","748218022167482368"
"848691800932003840","733650554816192514"
"725303934","748218022167482368"
"806275164677804032","748218022167482368"
"978671909352148993","748218022167482368"
"1055436185999421445","748218022167482368"
"782250905928249345","748218022167482368"
"706796537762996225","748218022167482368"
"1877327605","748218022167482368"
"2807317452","748218022167482368"
"1089741705274896384","748218022167482368"
"907888499059077120","748218022167482368"
"925972452420698112","748218022167482368"
"830493917615443969","748218022167482368"
"968562536676298753","748218022167482368"
"4874729819","748218022167482368"
"1063488605400780800","748218022167482368"
"1103754628494249989","1088329751872253953"
"1103754602095263745","1088329751872253953"
"1031238917264236544","748218022167482368"
"1108936779661336576","813434147331014659"
"1118497456201793536","748218022167482368"
"1011341721261740034","748218022167482368"
"1067235266983682049","748218022167482368"
"1074236602249953280","748218022167482368"
"230951253","748218022167482368"
"973620718536724481","748218022167482368"
"759733869876654080","748218022167482368"
"844921505213394946","748218022167482368"
"937219452554416128","748218022167482368"
"977921289661964288","748218022167482368"
"536571449","748218022167482368"
"835099071245336577","748218022167482368"
"835099071245336577","1120613373715128321"
"816969507096985600","748218022167482368"
"1106769603416518656","1088329751872253953"
"1055107734054547457","303404162"
"1106769625851875329","1088329751872253953"
"1106769610261626881","1088329751872253953"
"1116509833820352512","748218022167482368"
"2463591661","748218022167482368"
"803929720681177088","748218022167482368"
"979716837481988096","748218022167482368"
"1110544642934820866","748218022167482368"
"1108824070337036288","1088329751872253953"
"4909630917","748218022167482368"
"1108824078918520834","1088329751872253953"
"327765926","1088329751872253953"
"744363778637238276","748218022167482368"
"962343354506907649","748218022167482368"
"978175469693517825","748218022167482368"
"2440426789","996667124318916608"
"1067950832434495488","3186718789"
"755392552019320832","748218022167482368"
"3318557966","748218022167482368"
"911645707907379201","748218022167482368"
"519925439","748218022167482368"
"3315407483","748218022167482368"
"1004496793151967232","1100489588630568961"
"816969507096985600","813434147331014659"
"1108824087575625728","1088329751872253953"
"1108824115056689153","1088329751872253953"
"1110703024350154752","1088329751872253953"
"832111273605148672","2537825904"
"259439456","849741614868295682"
"1065307292214718465","748218022167482368"
"1110703058693115910","1088329751872253953"
"966775659937845249","748218022167482368"
"1112858620268605442","1088329751872253953"
"1108860730483331072","1088329751872253953"
"4502560874","3186718789"
"875520895514804228","3186718789"
"745228399","748218022167482368"
"4730667267","748218022167482368"
"796436872222437376","748218022167482368"
"1113350702170927104","748218022167482368"
"1057486901660258304","748218022167482368"
"2887641809","2980129686"
"1096659708004298752","748218022167482368"
"750210834979315712","748218022167482368"
"898129294819569664","748218022167482368"
"1070109227165700096","813434147331014659"
"919685896445808640","3186718789"
"308373856","748218022167482368"
"1088732169432748032","748218022167482368"
"2244680118","748218022167482368"
"898548288181293056","748218022167482368"
"705062574656716802","748218022167482368"
"631165424","748218022167482368"
"953753066066599937","748218022167482368"
"4247188213","748218022167482368"
"2519589255","748218022167482368"
"1016060391502372865","748218022167482368"
"1000004686156652545","748218022167482368"
"737586308","748218022167482368"
"346542949","748218022167482368"
"1125575342142308353","748218022167482368"
"1067950832434495488","3186718789"
"1125170687725973504","813434147331014659"
"880805097193779200","4912870574"
"825336627627180033","4912870574"
"4741211663","3643068928"
"2466825517","4582147815"
"870757750384590848","4912870574"
"147677599","852093801455919104"
"1604603192","3643068928"
"791744756078436352","1100489588630568961"
"1107459040886571009","4912870574"
"907796297935147009","3643068928"
"1250156450","904697932812869633"
"1003496066065551362","1088329751872253953"
"1681512774","1088329751872253953"
"3295179819","1088329751872253953"
"1044933033466494978","1088329751872253953"
"37597433","3770596943"
"1050106440671727616","4912870574"
"761981979940294656","1088329751872253953"
"978353873080520704","1088329751872253953"
"777479961296924672","1088329751872253953"
"809737417489977345","1088329751872253953"
"943187866925989888","1088329751872253953"
"970040012111724544","904697932812869633"
"817233846139662336","973974301526380544"
"1038135169155182592","1037344098552893440"
"859072482116075520","3025903169"
"2509023511","2321835133"
"905738767037751297","4912870574"
"4831481219","822187729010180096"
"978671909352148993","1088329751872253953"
"716290554397663232","4912870574"
"886534764357971968","1088329751872253953"
"1072574895148679168","4912870574"
"771451176579727360","3166501473"
"924698221930311680","1963460600"
"2510457757","996667124318916608"
"2837415376","4912870574"
"4925673370","4912870574"
"1427021912","1088329751872253953"
"1068943394943221760","4912870574"
"846210483371687936","1011081309576409090"
"312164440","996667124318916608"
"1055458618177396736","3210237389"
"4892732933","991977256527396864"
"845250756320092160","813434147331014659"
"1100001332826640384","813434147331014659"
"718888778157408256","813434147331014659"
"881090468829773826","733650554816192514"
"1048857746","749197086"
"1077167710738489346","1000348145648373761"
"1104458707969150978","904697932812869633"
"1029409802","1031620374"
"1116830980717850624","748218022167482368"
"967157437173202944","135586097"
"767383645015289857","748218022167482368"
"772424602387554304","748218022167482368"
"1096649822721867781","748218022167482368"
"1008951904423022592","748218022167482368"
"1099062925854232576","3186718789"
"372357561","748218022167482368"
"700272131","2645697943"
"2208995607","2207421862"
"3497661679","3770390538"
"841793306426265600","2207421862"
"1064089133595930624","998523840237064193"
"2970471623","1391578778"
"1055436185999421445","4912870574"
"352565843","2207421862"
"977250085724712961","4912870574"
"2810093845","4912870574"
"3946201757","4912870574"
"3179516605","3770390538"
"1064598826202398722","4912870574"
"1064753779759898624","2207421862"
"924657041033003008","4912870574"
"856488426081837057","4912870574"
"1121703442093727746","4912870574"
"1066310828192870401","4912870574"
"868850874306527232","4912870574"
"976319131858354176","4912870574"
"781662276810137601","4912870574"
"1580745931","3770390538"
"4717017915","3643068928"
"880585906691883008","4912870574"
"2333445487","4912870574"
"2867654986","4912870574"
"725467179035070465","1093780852520161280"
"1016060391502372865","2184004813"
"982200038393765898","2207421862"
"2292685796","1126524245524328454"
"825666582651293698","2207421862"
"1044926758427021313","2207421862"
"761894374896566272","2207421862"
"3154181984","2207421862"
"333463426","4912870574"
"178891069","2207421862"
"274488119","2207421862"
"1005570920096952321","2207421862"
"990645975369900032","1063135363131211776"
"2279420016","2207421862"
"776897479711350784","3166501473"
"4551317234","2337993291"
"1049989683441106944","805803519026544641"
"988067986731827205","2207421862"
"851532439314890753","1079978888518926336"
"827288530099503104","1088329751872253953"
"331924298","3166501473"
"1050753737168318464","315742624"
"3690203953","805803519026544641"
"969280787265867776","4912870574"
"747572644648783872","4582147815"
"978677086918496256","4582147815"
"703441065068593152","54324138"
"805587932958572544","1088329751872253953"
"4353582621","4912870574"
"941535387113078784","773908258780221440"
"1176288036","3237247119"
"1083481716709359616","977946836882415616"
"909092658504708096","973974301526380544"
"3080981196","595236714"
"1125774953113165824","1391578778"
"832313665059688449","2768579533"
"1018384591","1039171055133315072"
"492296128","1391578778"
"1083481716709359616","1126415162850803718"
"784838543898185728","1088329751872253953"
"1410102542","1391578778"
"1091918398982893568","1088329751872253953"
"1084039758202982401","2207421862"
"2919605857","3770390538"
"971957004666208258","3166501473"
"403624562","1391578778"
"915885313771364352","875719190816182272"
"3285244236","3770390538"
"822192362654941184","4912870574"
"978334606800777216","3770390538"
"401527572","773908258780221440"
"1430521304","93659369"
"1060372236119371781","773908258780221440"
"621998781","818953972635566080"
"830582444856373249","1064910033773830144"
"2960884863","818953972635566080"
"1057743768324108289","1011081309576409090"
"2242387550","799471397030400001"
"41094623","2237347512"
"1064900435733970949","3770390538"
"819918449505812480","3770390538"
"100767371","93659369"
"2866839795","334966451"
"1039759828795699201","3770390538"
"1057743768324108289","807663568585953288"
"1080980758788009985","1088329751872253953"
"795246666819469312","2967840123"
"838686668","1011081309576409090"
"842019817561321472","4912870574"
"909079539602649088","3166501473"
"771578959519547392","4912870574"
"4242974952","4912870574"
"1012156857408819200","4912870574"
"829970586180784129","4912870574"
"702466914195480576","4912870574"
"1123637312351612928","4912870574"
"3381191033","4912870574"
"2431215513","4912870574"
"791674812720672768","4912870574"
"1077302952237228032","4912870574"
"4247188213","4912870574"
"4343000116","4912870574"
"915634616299638784","4912870574"
"3322431385","4912870574"
"522235833","4912870574"
"755808396981436416","749197086"
"166128463","4912870574"
"1001114319654936578","4912870574"
"321801150","4912870574"
"2489757841","4912870574"
"1124312821641166848","4912870574"
"625611738","4912870574"
"1083481716709359616","2207421862"
"880423632819900416","4912870574"
"1124002188257300481","4912870574"
"1063677146860855296","4912870574"
"717039765007245312","4912870574"
"1115083570333278208","1112600805855485952"
"1083481716709359616","707902066904018944"
"3624934697","3237247119"
"1570113224","4912870574"
"832260122013532161","1088329751872253953"
"963528163514048512","4912870574"
"1437887144","4912870574"
"917281031304171520","4912870574"
"465463325","4912870574"
"847483523891998722","4912870574"
"1011886059704201217","4912870574"
"1074621639076208641","4912870574"
"769290934597058561","1126524245524328454"
"2520442320","3770390538"
"898548288181293056","4912870574"
"1254959671","4912870574"
"1013751111180677127","3770390538"
"1093107637418373121","4912870574"
"1423151497","4912870574"
"910754435600498688","4912870574"
"1036656115654778881","4912870574"
"900722141624123394","4912870574"
"325447493","4912870574"
"2996466053","4912870574"
"1019554245262102530","4912870574"
"799994005127917568","4912870574"
"1294448456","4912870574"
"67088122","4912870574"
"3899522788","4912870574"
"3188369350","970439367004180482"
"609215259","4912870574"
"3101203113","4912870574"
"930397163036774400","226222865"
"1068176868992536576","4912870574"
"1538523517","4912870574"
"211923450","3301588165"
"1330259942","4912870574"
"978671909352148993","3770390538"
"84567552","4912870574"
"2868343335","4912870574"
"1068603941880037376","4912870574"
"4054871841","4912870574"
"4850541420","4912870574"
"2940230442","3301588165"
"3267190853","4912870574"
"1064404608859000832","4912870574"
"3066692065","4912870574"
"1064407982295834626","4912870574"
"2758269003","4912870574"
"1391578778","1391578778"
"718888778157408256","4912870574"
"3367843287","4912870574"
"1064421137713512448","4912870574"
"715908692","4912870574"
"89545714","4912870574"
"726505785921036288","4912870574"
"105835285","4912870574"
"4494533847","818953972635566080"
"3413604027","4491968554"
"1140656504","3166501473"
"1098603443932094470","4912870574"
"1031317057189670912","4912870574"
"1033487390147571712","717445408444837890"
"792827747601088513","4912870574"
"904661985912123393","1011529197368594432"
"1052197958081531904","4912870574"
"268414392","2237347512"
"1098581961994629121","3237247119"
"4202482569","3237247119"
"1092243065748811776","1088329751872253953"
"1067880538776772608","4912870574"
"885171082134671360","4176372419"
"2459437112","3770390538"
"1058027371029127168","4912870574"
"827929550759796736","1082867607819206658"
"323347629","1681728685"
"2897090453","4193676587"
"229491488","1031582802490339332"
"2310514506","3313274687"
"774168087880839168","4912870574"
"1002255855738281984","621342782"
"1086742532","747864851192643589"
"951897180725547009","4912870574"
"174048550","3305746557"
"703262964204314624","4912870574"
"1012023318814212096","3770390538"
"1063720025809436672","4912870574"
"3447411741","4912870574"
"1069494120","1069494120"
"1099865744571957248","1088329751872253953"
"277467820","4912870574"
"2754665161","3233051043"
"707902066904018944","4912870574"
"2916654918","1681728685"
"956039060476350464","3770390538"
"1053688099275005952","4912870574"
"2463591661","4912870574"
"713415980479676417","4912870574"
"706616273753534464","795669709152722944"
"924698221930311680","1570231914"
"813901501294845952","4912870574"
"1019692974","1570231914"
"1116112621042839553","4912870574"
"3041031778","970439367004180482"
"4063210521","4912870574"
"947912996377858048","4912870574"
"4209258173","4912870574"
"864494939404742656","970439367004180482"
"969606203230834688","822838860950466562"
"748285056905543684","970439367004180482"
"458689886","3210237389"
"894304824015171588","4912870574"
"934758863760486400","1100196378356183040"
"950138168191389696","4912870574"
"1010949612079845377","1331186258"
"431166448","1063135363131211776"
"750721757930262529","4912870574"
"987397974916517888","1063135363131211776"
"806251983829159937","1100196378356183040"
"2904611896","1063135363131211776"
"3410593839","968543027017977858"
"2730555672","4912870574"
"2391863659","4912870574"
"753215114296320005","4912870574"
"4903790617","3770390538"
"928775171820998656","968543027017977858"
"1094698118682157057","4912870574"
"2218168337","1067406064843452416"
"890281661392453632","1108964176880230401"
"845756762649219072","4912870574"
"848059230917500929","1108964176880230401"
"3228836956","4912870574"
"2462413315","2706981602"
"1000445712864284673","4912870574"
"930501452287610880","4912870574"
"1969127310","42022542"
"720290528231694340","2706981602"
"1088961809145647109","4912870574"
"1059892314","904697932812869633"
"3467324661","968543027017977858"
"1019692974","1570231914"
"968516166888099840","4912870574"
"776509840889970688","3643068928"
"1120096252870438917","968543027017977858"
"2749243565","551082183"
"978677086918496256","4582147815"
"1038801198743277568","4912870574"
"2951199777","1391578778"
"1059492101992398849","551082183"
"1088470548160659460","551082183"
"882320664127954944","4912870574"
"115801757","3643068928"
"527492630","1963460600"
"1019195171441987586","2706981602"
"799790817388986368","3643068928"
"2781259982","3643068928"
"3104521566","904697932812869633"
"763070864929779713","3643068928"
"721089909075886080","1963460600"
"1088183943667638281","1963460600"
"1369826466","4912870574"
"524260894","2980129686"
"1084056430653652992","2980129686"
"2781180576","4912870574"
"613310770","1088329751872253953"
"1088164139627761664","1088329751872253953"
"1268838488","1039171055133315072"
"3413383828","1088329751872253953"
"537132098","4642266853"
"3160021519","1088329751872253953"
"2902699363","1088329751872253953"
"793903038520029184","1088329751872253953"
"1948208700","228036188"
"2353469235","4912870574"
"559521932","4912870574"
"522235833","1088329751872253953"
"946244227406626816","1088329751872253953"
"1066109734162481154","1088329751872253953"
"3946201757","1088329751872253953"
"834227833085923329","1088329751872253953"
"1068239045766144000","1088329751872253953"
"2613864314","1088329751872253953"
"808580536490815488","1088329751872253953"
"3062188327","228036188"
"1126615595175145472","1088329751872253953"
"388201263","388201263"
"1714974451","4912870574"
"749929461122945024","4912870574"
"1101786850983784449","1088329751872253953"
"792006106423889920","1088329751872253953"
"1027379878595846144","3770596943"
"1063507561540800513","1088329751872253953"
"332662333","54324138"
"2423613314","1088329751872253953"
"69286172","4912870574"
"361043073","1088329751872253953"
"1209825541","747864851192643589"
"970383413021675520","3658694056"
"1069403059325992961","1088329751872253953"
"1120280919405817856","1088329751872253953"
"753781291313688576","1088329751872253953"
"972287798844772352","3166501473"
"508199029","54324138"
"3434354752","1088329751872253953"
"30824363","803012554834341889"
"1067285046703333376","1088329751872253953"
"1077832605964386305","950263612588740608"
"925539577783357441","1088329751872253953"
"1117988996888526848","1088329751872253953"
"884803982559936512","1088329751872253953"
"808722336031641601","721507135033577472"
"4910227645","1088329751872253953"
"1125771140163612672","1088329751872253953"
"2785996733","1088329751872253953"
"3822774268","4642266853"
"1040829548206546944","1088329751872253953"
"54324138","1026722844590395394"
"947968665617649664","717445408444837890"
"1083220347753762816","4912870574"
"857139192131973123","4912870574"
"831065329400848384","1037344098552893440"
"1073093348682919936","1088329751872253953"
"796436872222437376","1088329751872253953"
"762640104817037316","4912870574"
"1074630955627937794","1088329751872253953"
"3246402896","1088329751872253953"
"901382423547531264","1088329751872253953"
"1077941027854606342","1088329751872253953"
"2991066826","1088329751872253953"
"926499316813967360","1088329751872253953"
"26728479","477490531"
"1517644032","2321835133"
"4697292505","3090049288"
"761194200117317632","813434147331014659"
"935667040035201025","904697932812869633"
"1063720025809436672","1088329751872253953"
"868985900356608002","868985900356608002"
"1125386961294974977","813434147331014659"
"718888778157408256","1088329751872253953"
"4800463671","1048625592877367297"
"1061369753749590017","4912870574"
"4267118194","1088329751872253953"
"772762798602543104","4912870574"
"736695698079502340","813434147331014659"
"835838744661913602","1088329751872253953"
"3373132828","4912870574"
"826848004745396226","1088329751872253953"
"752443320077520896","1088329751872253953"
"1111707395854688256","1088329751872253953"
"1102186979180138497","4912870574"
"794007513146556416","1088329751872253953"
"1113292034331144192","1088329751872253953"
"748879922307993600","4912870574"
"3899522788","1088329751872253953"
"403624562","3290936026"
"2824543226","1088329751872253953"
"201803989","1088329751872253953"
"168454480","1088329751872253953"
"2991819874","3025903169"
"841906217425502208","4912870574"
"1539466934","4912870574"
"817233846139662336","1067375935257800705"
"4764595939","4912870574"
"2608181250","1088329751872253953"
"4764595939","1088329751872253953"
"1091357872087134208","3770390538"
"700332047","1088329751872253953"
"1004765061636874241","1088329751872253953"
"930726858747867136","1088329751872253953"
"586666090","749197086"
"1122857522828722176","4912870574"
"3331447505","239054727"
"1900515012","1088329751872253953"
"4874729819","1088329751872253953"
"1112204373935996929","853612936157437952"
"971799235359395840","1088329751872253953"
"1095456520270237698","4912870574"
"1248268520","818953972635566080"
"901520997089775617","1088329751872253953"
"1974886957","1088329751872253953"
"746545249476976640","1088329751872253953"
"2866975992","4912870574"
"2247649345","818953972635566080"
"286246934","1039171055133315072"
"945247275412021253","1088329751872253953"
"1126790833456472064","1021028936552198146"
"855517651350597632","4912870574"
"738975487477833728","1088329751872253953"
"2555190109","748218022167482368"
"2650835887","1088329751872253953"
"3333003407","1963460600"
"4197051","4197051"
"731289476970909697","1088329751872253953"
"2244734521","4912870574"
"915885313771364352","3361037386"
"145992033","748218022167482368"
"1055490376029663232","748218022167482368"
"934576271002136576","1088329751872253953"
"1117168138192179202","1064910033773830144"
"978175469693517825","4912870574"
"1002400017670459392","4912870574"
"876848260417294336","1088329751872253953"
"1023940149611245568","748218022167482368"
"741639603975815169","1088329751872253953"
"1065719614561296385","4912870574"
"1099862190331314176","1088329751872253953"
"1099857861100810241","1088329751872253953"
"764864543126384640","748218022167482368"
"899342114068234241","2207421862"
"832646356808380416","4912870574"
"1006855602826440704","1713527198"
"1111619808875941888","1104079619173556227"
"741216498451091456","1088329751872253953"
"1097756643817807872","1713527198"
"1071039418583019520","1088329751872253953"
"1026738499574149120","1713527198"
"1119010108007231488","1039171055133315072"
"835099071245336577","1126809816612188161"
"733379695346122752","4912870574"
"940040396398198784","1088329751872253953"
"851538448657895424","1088329751872253953"
"3047119096","1088329751872253953"
"1114506848529453056","1088329751872253953"
"732106133293305856","2184004813"
"2447351894","996667124318916608"
"1099868227184676864","1088329751872253953"
"2538341262","4912870574"
"764580042466820098","748218022167482368"
"357824773","813434147331014659"
"1052801447270772736","748218022167482368"
"3009459903","1088329751872253953"
"1099514577035751424","1088329751872253953"
"971526793055424518","1088329751872253953"
"862731498088263681","1088329751872253953"
"156007373","867388141224591360"
"1099533931475619841","1088329751872253953"
"1099519077507198978","1088329751872253953"
"1092115786704060416","4912870574"
"1099531202199867392","1088329751872253953"
"1122425517062287361","748218022167482368"
"978677086918496256","4582147815"
"846467673592606720","4582147815"
"2936064241","1088329751872253953"
"1057743768324108289","1090192121620021248"
"1099538237670928385","1088329751872253953"
"1099587597695737857","1088329751872253953"
"1949223030","864457064495624192"
"145076809","1088329751872253953"
"3312147760","1088329751872253953"
"835099071245336577","813434147331014659"
"1101783412988235776","1088329751872253953"
"1054334546223816705","1001118460242427905"
"1102058925283667970","1088329751872253953"
"1102050864183730177","1088329751872253953"
"1106594768014979072","4912870574"
"1600375219","2207421862"
"1681512774","748218022167482368"
"1081104624545878016","270694788"
"1102516931968479234","1088329751872253953"
"1102514366421721089","1088329751872253953"
"1024097737875369984","748218022167482368"
"1102540276080377857","1088329751872253953"
"770376132659064832","799471397030400001"
"848281806134804480","733650554816192514"
"835099071245336577","733650554816192514"
"1102544843538984961","1088329751872253953"
"1411250102","733650554816192514"
"1628212950","1088329751872253953"
"810071140358094848","4912870574"
"613310770","733650554816192514"
"1081104624545878016","270694788"
"1105473921820708869","1088329751872253953"
"975793968150532096","772362848903233536"
"4734711975","1088329751872253953"
"891637005750349824","733650554816192514"
"3083927049","3083927049"
"763029104685817857","799471397030400001"
"2955466493","733650554816192514"
"125394377","733650554816192514"
"1102713417276817408","579967936"
"744719123100246016","904697932812869633"
"774391139621298176","794211550265372672"
"3245904400","794211550265372672"
"1102228322682052608","794211550265372672"
"1098741390857646081","813434147331014659"
"899251335022956544","813434147331014659"
"994481371191001093","1100489588630568961"
"898548288181293056","813434147331014659"
"1114548504834334720","733650554816192514"
"3988880908","813434147331014659"
"4545658468","2241727754"
"931782839296843776","1088329751872253953"
"1125771140163612672","813434147331014659"
"880423632819900416","813434147331014659"
"2788699456","336541627"
"901256752686972928","1088329751872253953"
"4267118194","733650554816192514"
"3066692065","1088329751872253953"
"3312147760","813434147331014659"
"891637005750349824","904697932812869633"
"915986939844669440","813434147331014659"
"372220402","996667124318916608"
"984110490539511809","4912870574"
"862051908","813434147331014659"
"624466615","813434147331014659"
"294457797","40126414"
"2868343335","813434147331014659"
"1008715190643363840","733650554816192514"
"1091453775032782849","1088329751872253953"
"991342161135357954","1088329751872253953"
"1117168138192179202","250819060"
"755808396981436416","749197086"
"723883386385768448","749197086"
"1904029296","749197086"
"466250750","1276206235"
"1102337340159205376","1108710676921499648"
"14823421","996667124318916608"
"887401871257858052","813434147331014659"
"1681512774","813434147331014659"
"872213411333107714","336541627"
"853612936157437952","853612936157437952"
"1262709776","303404162"
"1700341608","4464338416"
"1074067142339907584","1100489588630568961"
"914862264787890177","813434147331014659"
"953377966012162048","4464338416"
"830582444856373249","1100489588630568961"
"895509393105498112","1114498613319696384"
"233140375","748218022167482368"
"835099071245336577","741463337960116224"
"1100862600613634048","1088329751872253953"
"750428966796816384","749197086"
"1083137219353669632","748218022167482368"
"714325965212483585","748218022167482368"
"2530195268","748218022167482368"
"1063595558936473600","748218022167482368"
"866392264486133761","748218022167482368"
"811298734717935616","748218022167482368"
"3267190853","748218022167482368"
"223239002","748218022167482368"
"2498395498","748218022167482368"
"2657231905","748218022167482368"
"3031233980","748218022167482368"
"4364669722","748218022167482368"
"899251335022956544","748218022167482368"
"936875114888605696","748218022167482368"
"848691800932003840","748218022167482368"
"902998366430355456","748218022167482368"
"1107260755789996032","748218022167482368"
"62082375","748218022167482368"
"1068985122836250624","748218022167482368"
"1001719219342409729","748218022167482368"
"770721884816244736","748218022167482368"
"837268904460308480","748218022167482368"
"762777727325859840","748218022167482368"
"858304591829643264","748218022167482368"
"2224501436","748218022167482368"
"1412813029","748218022167482368"
"223416545","748218022167482368"
"1538523517","748218022167482368"
"919247597600235520","748218022167482368"
"790097143021367296","748218022167482368"
"1102227518432649216","749197086"
"1691566566","748218022167482368"
"1103697560533954561","1088329751872253953"
"1103754642083770373","1088329751872253953"
"1103754769104072705","1088329751872253953"
"625999540","849741614868295682"
"4764595939","748218022167482368"
"1053847420230979584","748218022167482368"
"799994005127917568","748218022167482368"
"1882899685","748218022167482368"
"325447493","748218022167482368"
"1114572161593872385","748218022167482368"
"785154221054300164","748218022167482368"
"1011637530","748218022167482368"
"707619156","748218022167482368"
"551846869","748218022167482368"
"3153198136","748218022167482368"
"1067889424493674496","748218022167482368"
"856536530864812032","748218022167482368"
"487445640","748218022167482368"
"1101583703740944385","748218022167482368"
"3147665556","748218022167482368"
"4793446241","748218022167482368"
"971526793055424518","748218022167482368"
"864593043768451073","904697932812869633"
"1104458707969150978","748218022167482368"
"213231598","748218022167482368"
"749819763480600576","813434147331014659"
"1055107734054547457","303404162"
"749819763480600576","748218022167482368"
"3187161400","748218022167482368"
"922506583535423490","748218022167482368"
"880423632819900416","748218022167482368"
"1068603941880037376","813434147331014659"
"357824773","748218022167482368"
"125394377","748218022167482368"
"1023514527961309184","748218022167482368"
"1113250439535964160","1088329751872253953"
"1614131604","748218022167482368"
"317224450","748218022167482368"
"3029189945","748218022167482368"
"1106924415072256001","1088329751872253953"
"1106924438828789762","1088329751872253953"
"1106924454314209281","1088329751872253953"
"1479237044","748218022167482368"
"919685896445808640","748218022167482368"
"4850541420","748218022167482368"
"3329963853","748218022167482368"
"1108824107725004800","1088329751872253953"
"1110703220341596160","1088329751872253953"
"3091668123","4912870574"
"1099515872580792320","748218022167482368"
"816969507096985600","1088329751872253953"
"2998890486","3186718789"
"1115013228382314497","748218022167482368"
"886365798306066434","849741614868295682"
"4242974952","748218022167482368"
"83918619","748218022167482368"
"2776638274","748218022167482368"
"1082083999567163392","3186718789"
"1529363329","3186718789"
"831559515459960832","3186718789"
"1049472874581438466","1086846641712156672"
"1110703051579506688","1088329751872253953"
"1110703334288175104","1088329751872253953"
"1109638945917333505","1088329751872253953"
"2871015144","748218022167482368"
"1052197958081531904","3186718789"
"2613864314","748218022167482368"
"1084354661522395137","748218022167482368"
"1023796857015881730","748218022167482368"
"325447493","3186718789"
"1287631651","748218022167482368"
"940638392928350210","748218022167482368"
"899660167737778177","3186718789"
"1122116085174530048","748218022167482368"
"1070109227165700096","733650554816192514"
"864920947895279616","748218022167482368"
"4229648172","748218022167482368"
"3186718789","3186718789"
"966916346301751297","3186718789"
"972287798844772352","748218022167482368"
"858096497715535873","748218022167482368"
"855517651350597632","1088329751872253953"
"1027310500462452738","3186718789"
"1014593275968344065","1106624135654973440"
"700272131","2207421862"
"1069403059325992961","748218022167482368"
"1012544295306395649","748218022167482368"
"999001902628061185","1088329751872253953"
"999001902628061185","904697932812869633"
"90522101","2207421862"
"947153707581485057","2207421862"
"1122487427145392128","2207421862"
"2271941737","2207421862"
"1001087798777020417","172077402"
"1100332060449914881","2207421862"
"719690726641164288","3237247119"
"2263393915","3237247119"
"1079978888518926336","937702815270567936"
"3483921082","3237247119"
"1120113469406113792","1011081309576409090"
"2490235010","3237247119"
"1126299429210923009","1011081309576409090"
"1025041088107687936","2207421862"
"996245036","3166501473"
"800018326835568640","1088329751872253953"
"193340168","303404162"
"3148695508","4912870574"
"2431255084","3166501473"
"1083481716709359616","1030578127737507840"
"284477196","1088329751872253953"
"772932957250154497","1088329751872253953"
"917435479167037442","821743005530996737"
"805023792628170752","805803519026544641"
"917557665030594560","4912870574"
"975793968150532096","728796712437850112"
"904697932812869633","904697932812869633"
"1116033355827556354","4912870574"
"1039315770705108996","1036001498063405059"
"1120707659727015937","3237247119"
"1485809598","3166501473"
"4619585361","3237247119"
"732106133293305856","904697932812869633"
"777877291749642241","820589198478438400"
"3305687470","733807731187036160"
"1098603443932094470","1088329751872253953"
"1086742532","747864851192643589"
"1117168138192179202","4464338416"
"605233243","3166501473"
"1047499226408779779","748218022167482368"
"764580042466820098","813434147331014659"
"1107729348","748218022167482368"
"915885313771364352","977946836882415616"
"1434396902","303404162"
"715189400255209472","1391578778"
"956700600174968832","749197086"
"464250618","900620143222509568"
"1071547294187773953","3166501473"
"1073511765667852289","749197086"
"747572644648783872","4582147815"
"978677086918496256","4582147815"
"1235418006","2207421862"
"887111111824121857","3770390538"
"884101335586439168","917585339148935168"
"56256919","172077402"
"1091718678310080512","3770390538"
"1083699336163188737","4912870574"
"1371603816","3770390538"
"835099071245336577","1108710676921499648"
"835099071245336577","1108710676921499648"
"473853863","4912870574"
"779050966637223936","4912870574"
"990275980026568704","4912870574"
"1039596637402918913","4912870574"
"916550699294580736","4912870574"
"3305485605","4912870574"
"1668183192","4912870574"
"1011975774721757184","4912870574"
"1695536347","4912870574"
"3322431385","4912870574"
"826064661879595012","4912870574"
"884283201882996736","4912870574"
"965969401970380800","4912870574"
"794053971438632961","4912870574"
"817125021642539011","4912870574"
"328058348","4912870574"
"815992354989572097","4912870574"
"1125386961294974977","4912870574"
"841254112503058434","4912870574"
"1115083570333278208","1112600805855485952"
"951906251688087554","4912870574"
"3009459903","4912870574"
"962219190538199041","1112600805855485952"
"863418924595130368","4912870574"
"1966610210","4912870574"
"3031233980","4912870574"
"1069403059325992961","4912870574"
"30360752","4912870574"
"746618785835036672","4912870574"
"133664839","4912870574"
"1464114169","3770390538"
"844116912762241024","4912870574"
"1064898794335027202","4912870574"
"974369058970832902","4912870574"
"852931296917684224","4912870574"
"372357561","4912870574"
"2228143514","4912870574"
"962016184693547009","4912870574"
"2171699024","4912870574"
"919685896445808640","4912870574"
"2963953238","4912870574"
"357824773","4912870574"
"1067413333324656640","4912870574"
"1047211240093708288","4912870574"
"915873070962954240","4912870574"
"4340462832","1060950098249691136"
"832260122013532161","4912870574"
"961172381862629376","4912870574"
"2712300823","4912870574"
"1040829548206546944","4912870574"
"3449668941","4912870574"
"968760193764024320","4912870574"
"719421585799704577","4912870574"
"1112807027137527808","4912870574"
"845740832829460481","4912870574"
"41094623","2967840123"
"1042541799808524288","4912870574"
"1112689408090783744","4912870574"
"1068176868992536576","4912870574"
"827460394771963904","4912870574"
"978671909352148993","4912870574"
"793521383728963589","4912870574"
"978175469693517825","4912870574"
"2944531393","4912870574"
"921043332394037249","4912870574"
"1017546980459810818","4912870574"
"1394493594","1538714840"
"895602141418606593","4912870574"
"734781870790086656","4912870574"
"3007478800","4912870574"
"1058021893620432897","4912870574"
"787609189979922432","4912870574"
"1036003102770569224","4912870574"
"3283302613","4912870574"
"1101699305998434305","4912870574"
"1011019488","4912870574"
"538154146","4912870574"
"794216287127957505","4912870574"
"715908692","3770390538"
"1726971500","4912870574"
"977217118738493441","805803519026544641"
"887401871257858052","4912870574"
"778631537596260352","4912870574"
"835099071245336577","1095375670472032256"
"1117168138192179202","1258181269"
"2668725324","4912870574"
"1068239045766144000","4912870574"
"1528811726","1011529197368594432"
"4202193553","4912870574"
"1064445724723564544","4912870574"
"891771134982664192","4912870574"
"1004156143063580672","4912870574"
"874252729593585665","4912870574"
"818314028099530756","1057356917675319297"
"3700888812","3770390538"
"268414392","2237347512"
"1064847520587628544","4912870574"
"1065078361515528195","4912870574"
"468285511","2207421862"
"1055808148060033024","3770390538"
"830582444856373249","1258181269"
"859072482116075520","1069494120"
"1083762684254973952","1017467394443350016"
"98349355","772743419512979456"
"959055425441329152","4912870574"
"510747725","4912870574"
"1951062752","1125836754483855362"
"1117168138192179202","1125836754483855362"
"2257746740","3770390538"
"741367806","1391578778"
"879015310426345472","4912870574"
"825666582651293698","1108710676921499648"
"899251335022956544","4912870574"
"4837685195","4912870574"
"1014909372516859904","4912870574"
"2390041128","4912870574"
"1015550522261110784","4912870574"
"829354880317923329","4912870574"
"881913080913043456","4912870574"
"3311373801","4912870574"
"1649835536","3770390538"
"906076798944911360","4912870574"
"833562866","1391578778"
"65220041","1017467394443350016"
"927637211322793984","4912870574"
"916751334849875969","1570231914"
"1082768416489070595","1100196378356183040"
"913835051816833024","970439367004180482"
"3351930418","970439367004180482"
"836151649190219776","4912870574"
"719705805201780736","970439367004180482"
"1027549338107617285","949207662021042178"
"1050380135633969152","3643068928"
"4824183928","1100196378356183040"
"1071705270303236096","1011529197368594432"
"813462233107886080","3643068928"
"758365476783284224","1063135363131211776"
"383677889","1063135363131211776"
"3008575738","3237247119"
"773125555994685440","4912870574"
"241244780","904697932812869633"
"955739918470299648","4912870574"
"887401871257858052","904697932812869633"
"2871015144","4912870574"
"1062023105223118848","950263612588740608"
"87232501","1017467394443350016"
"857019003826348032","821484466124296194"
"776910226658299905","904697932812869633"
"1095084095330226176","1100489588630568961"
"4806253402","1108964176880230401"
"806241752583733249","1126524245524328454"
"916751334849875969","1570231914"
"2614096110","904697932812869633"
"998747977450704896","1010558454736437248"
"3410593839","968543027017977858"
"2749243565","1108964176880230401"
"3467324661","968543027017977858"
"858287447083548672","4582147815"
"1112744970111340544","551082183"
"223635317","3643068928"
"1116746667095728135","388201263"
"2462413315","2706981602"
"931367455829630977","2184004813"
"3136768962","4912870574"
"2409313154","388201263"
"939834856904605697","3770390538"
"764580042466820098","1088329751872253953"
"2754665161","3233051043"
"3351930418","970439367004180482"
"767740164302999552","1088329751872253953"
"829354880317923329","1088329751872253953"
"738975487477833728","4912870574"
"2471248969","1088329751872253953"
"3254674872","1039171055133315072"
"830582444856373249","1100489588630568961"
"1108196824144375808","1088329751872253953"
"989754144","1088329751872253953"
"1121914688378478592","1088329751872253953"
"2463591661","1088329751872253953"
"1064708268700790784","4912870574"
"1089056300959481856","1035306116257865728"
"2366238667","1088329751872253953"
"1047059856170074112","1035306116257865728"
"2609450481","3643068928"
"808997880505638912","4912870574"
"1126615595175145472","1088329751872253953"
"978045236051001344","1088329751872253953"
"2545308503","1088329751872253953"
"872543916024791047","4912870574"
"24023378","1017610846371905536"
"1111294184709910529","1088329751872253953"
"1032404623951192064","1088329751872253953"
"808997880505638912","1088329751872253953"
"1054714723","1088329751872253953"
"955501765956337666","1072272831864496128"
"4625874263","1088329751872253953"
"264992064","1088329751872253953"
"744897095392497664","1088329751872253953"
"487180782","1088329751872253953"
"737586308","1088329751872253953"
"3267190853","1088329751872253953"
"4616238495","4912870574"
"388201263","388201263"
"1016060391502372865","1088329751872253953"
"973620718536724481","1088329751872253953"
"973620718536724481","904697932812869633"
"803186327143317505","1088440310852657153"
"797212688426401792","1088329751872253953"
"858096497715535873","4912870574"
"1012544295306395649","1088329751872253953"
"853612936157437952","853612936157437952"
"797212688426401792","1088329751872253953"
"885906404082667524","1088329751872253953"
"620350072","1092190611640328195"
"719089366950252544","1088329751872253953"
"1014593275968344065","2758758563"
"1075311578327572481","1088329751872253953"
"1104650185488121856","4912870574"
"831559515459960832","1088329751872253953"
"1052214600861593600","1011081309576409090"
"1111258895819771904","1088329751872253953"
"4364949676","1011081309576409090"
"213231598","1088329751872253953"
"390941024","1004771841888673794"
"864788852128464896","3770390538"
"743579496574492673","2980129686"
"1107729348","1088329751872253953"
"1021570287517749248","4912870574"
"2902484548","1048625592877367297"
"1027107993580658688","1088329751872253953"
"974409991665868801","720884401190473728"
"2391656839","1088329751872253953"
"724252727899987969","1088329751872253953"
"1062593149195993088","2382075696"
"1095603147748397056","1026722844590395394"
"887797474898870277","1088329751872253953"
"1009511825543716872","4912870574"
"582591395","1088329751872253953"
"1113528261680693248","1088329751872253953"
"1028214611764363265","1088329751872253953"
"779476805602385920","4912870574"
"701126735","1088329751872253953"
"703262964204314624","1088329751872253953"
"1023796857015881730","1088329751872253953"
"739894996527112194","4912870574"
"909759445","1011081309576409090"
"1064389789376364544","1088329751872253953"
"2916098582","2321835133"
"2173079282","1088329751872253953"
"736239826580606978","1088329751872253953"
"1031487226658664448","1088329751872253953"
"3985908374","1088329751872253953"
"957210842151473152","1088329751872253953"
"1863979148","1963460600"
"1105318226550939648","4912870574"
"841562425241530368","4912870574"
"1061369753749590017","904697932812869633"
"733301339355291648","853612936157437952"
"2772370157","1088329751872253953"
"1047858798914940929","904697932812869633"
"1110137199675219969","1088329751872253953"
"858670456278138880","1088329751872253953"
"1031769900321267712","4912870574"
"948867353370120192","1088329751872253953"
"1057503124120846336","1088329751872253953"
"1031487226658664448","4912870574"
"728311817672495104","1088329751872253953"
"1072160183856488449","1088329751872253953"
"1110137199675219969","904697932812869633"
"2780502302","4912870574"
"799682896164360194","1088329751872253953"
"1056506760666714112","1088329751872253953"
"2851680066","4912870574"
"1026624037752066051","4912870574"
"879573011967488000","4912870574"
"1098741390857646081","1088329751872253953"
"174048550","935884055018483712"
"1096919496969732097","1088329751872253953"
"1017976690650173446","2184004813"
"997552673829289984","1088329751872253953"
"919230304145027072","4912870574"
"1021771231849275393","4912870574"
"973118880125243393","1088329751872253953"
"711608014600597505","4912870574"
"838774891239387137","904697932812869633"
"610590036","1088329751872253953"
"1076403561452523527","1088329751872253953"
"568086181","964246058539933698"
"972940690282950656","1391578778"
"967137353721577473","4912870574"
"912308721635569664","1088329751872253953"
"938176816812093440","4912870574"
"2760466082","4912870574"
"1076403561452523527","4912870574"
"1019457663766327296","4912870574"
"1075997217914261504","4912870574"
"1055359474934923264","904697932812869633"
"3271513411","4912870574"
"1113895460631207938","4912870574"
"3234288327","1093780852520161280"
"2902423800","4912870574"
"2938187305","1088329751872253953"
"986843635638398977","4912870574"
"1670403810","4912870574"
"2951294722","4912870574"
"1094192896151035905","1088329751872253953"
"996477179201454080","1088329751872253953"
"845250756320092160","1088329751872253953"
"1042185752640147456","717445408444837890"
"2466825517","1011529197368594432"
"861246465775153152","1088329751872253953"
"3322431385","1088329751872253953"
"3615845536","1088329751872253953"
"785154221054300164","1088329751872253953"
"1015550522261110784","1088329751872253953"
"899324034525143041","4912870574"
"1099853309047795714","1088329751872253953"
"857019003826348032","1064910033773830144"
"785464806585360384","1088329751872253953"
"859452610797076480","864457064495624192"
"761194200117317632","1088329751872253953"
"984485345420042240","733807731187036160"
"742424548046426112","4912870574"
"1105637468479602690","996667124318916608"
"2838359476","996667124318916608"
"929657472","996667124318916608"
"777164468614672384","1088329751872253953"
"836057514","1088329751872253953"
"834097763067506688","1088329751872253953"
"2541068904","1713527198"
"937465882015682561","828285327093747713"
"1689035935","1088329751872253953"
"940443108163989504","1088329751872253953"
"1114822083945607168","1088329751872253953"
"725303934","1088329751872253953"
"750210834979315712","4912870574"
"1124438057648836610","4912870574"
"803186327143317505","1088440310852657153"
"230951253","904697932812869633"
"3510345202","996667124318916608"
"1121775651248386050","1088329751872253953"
"1097192586270425088","3643068928"
"1087108061150568449","1088329751872253953"
"746618785835036672","1088329751872253953"
"1098899890246021120","1088440310852657153"
"4300081216","1088329751872253953"
"3234027786","1063135363131211776"
"62483674","4912870574"
"811298734717935616","4912870574"
"841028210276106241","1017718969611046913"
"853612936157437952","853612936157437952"
"977429332560875521","321469216"
"935222767796080640","1088329751872253953"
"770721884816244736","1088329751872253953"
"979393950116069376","1088329751872253953"
"3422614534","4912870574"
"921899069009690624","452114712"
"2615022109","904697932812869633"
"1102056855935713281","1088329751872253953"
"1101789455206105088","1088329751872253953"
"995701852833570817","919610679077883904"
"1080568171415912448","904697932812869633"
"1114947470","1088329751872253953"
"307886497","2237347512"
"1102060810107379718","1088329751872253953"
"1006958041940529152","1088329751872253953"
"3946201757","733650554816192514"
"1126862245617700864","1088329751872253953"
"333259070","749197086"
"406625893","303404162"
"1102542813491683335","1088329751872253953"
"4164889577","2237347512"
"1066310828192870401","733650554816192514"
"748933107349327872","733650554816192514"
"768786221682352128","1088329751872253953"
"2932959092","1088329751872253953"
"1105460120673083393","1088329751872253953"
"409777897","1088329751872253953"
"4121482678","3166501473"
"1105464613456375809","1088329751872253953"
"1105465901887832066","1088329751872253953"
"508133916","228036188"
"2898693886","818866293541584897"
"1088691469559521280","1081222219144015873"
"776753105425854464","733650554816192514"
"728832288251912192","1088329751872253953"
"1100753914922782720","1088329751872253953"
"1083675903077613568","733650554816192514"
"1118121712305020930","721507135033577472"
"951017160264114176","733650554816192514"
"3039006092","713889466562297857"
"772616814211788800","740577725065355266"
"2822624292","196281230"
"767863056416342016","733650554816192514"
"1259893646","1088329751872253953"
"907099694","813434147331014659"
"3946201757","813434147331014659"
"1102227518432649216","1713527198"
"2190515340","303404162"
"1050126148083040268","1126615545435054081"
"4385092941","579967936"
"3687671176","813434147331014659"
"880463125006368768","1088329751872253953"
"1098603443932094470","813434147331014659"
"1113895460631207938","813434147331014659"
"944268776773632000","813434147331014659"
"3267190853","813434147331014659"
"1098603443932094470","904697932812869633"
"2564495306","1108964176880230401"
"3404203431","902134484983832576"
"3982120227","1088329751872253953"
"1116665873677398017","1088329751872253953"
"2190690200","749197086"
"767863056416342016","904697932812869633"
"1010770708803276800","813434147331014659"
"908852565953187841","2772284026"
"1066310828192870401","813434147331014659"
"932222432231985153","1088329751872253953"
"3271513411","813434147331014659"
"1052197958081531904","733650554816192514"
"755808396981436416","2237347512"
"4126930037","1088329751872253953"
"4311935200","4912870574"
"1063595558936473600","813434147331014659"
"4697292505","813434147331014659"
"1056354738311172098","214721537"
"317938202","1114498613319696384"
"598604434","1001118460242427905"
"890958979068698624","813434147331014659"
"816310076","1596662107"
"1067956651158687746","813434147331014659"
"903606845868257280","1114498613319696384"
"838393386952441860","2324948509"
"2939329815","813434147331014659"
"715904729516118017","1114498613319696384"
"1051152162791809025","748218022167482368"
"1100194215592685573","1088329751872253953"
"1100862909465415680","1088329751872253953"
"1100924645547667457","1088329751872253953"
"740580009576927232","748218022167482368"
"1011975774721757184","748218022167482368"
"1120247410033401856","748218022167482368"
"87826179","748218022167482368"
"2192946753","748218022167482368"
"863772945025511424","748218022167482368"
"938798193067905024","748218022167482368"
"2668725324","748218022167482368"
"2810093845","748218022167482368"
"2237888474","748218022167482368"
"334265414","748218022167482368"
"771284546067304449","748218022167482368"
"188840652","748218022167482368"
"165358030","748218022167482368"
"2449592683","733650554816192514"
"1072059262225080322","748218022167482368"
"3434353132","748218022167482368"
"3059284066","748218022167482368"
"1066318436387586048","748218022167482368"
"1125738522193694720","748218022167482368"
"885356762748080129","748218022167482368"
"734026142139699201","748218022167482368"
"522029113","748218022167482368"
"782250905928249345","733650554816192514"
"935222767796080640","748218022167482368"
"3247494439","748218022167482368"
"915873070962954240","748218022167482368"
"1148620603","748218022167482368"
"1051878484451168256","748218022167482368"
"938825352906006528","748218022167482368"
"2772370157","748218022167482368"
"2771529135","748218022167482368"
"969232239656669184","748218022167482368"
"890273902408196096","748218022167482368"
"891764610134675456","748218022167482368"
"779050966637223936","748218022167482368"
"382232861","748218022167482368"
"3981070102","748218022167482368"
"1103697534021718019","1088329751872253953"
"1068239045766144000","748218022167482368"
"4188292193","748218022167482368"
"1116665873677398017","748218022167482368"
"1050364332419235840","813434147331014659"
"800553397724139520","748218022167482368"
"955029110480306176","748218022167482368"
"3988880908","748218022167482368"
"4644430060","748218022167482368"
"1024575159921831936","748218022167482368"
"1066310828192870401","748218022167482368"
"769220001777782784","748218022167482368"
"1093709043363803136","748218022167482368"
"898233893870080000","303404162"
"444273212","1100196378356183040"
"1055359474934923264","748218022167482368"
"4081755513","748218022167482368"
"1108042970677366784","748218022167482368"
"845184820439277569","748218022167482368"
"187189189","748218022167482368"
"1104188551292436481","1088329751872253953"
"120119291","748218022167482368"
"925051057121714176","2890979951"
"702466914195480576","748218022167482368"
"145076809","748218022167482368"
"878353300491571200","748218022167482368"
"830675435998568448","748218022167482368"
"884038088690774016","748218022167482368"
"932855370665443328","748218022167482368"
"964182171429818370","748218022167482368"
"1093333612764622848","748218022167482368"
"3229265663","748218022167482368"
"3036213009","748218022167482368"
"881913080913043456","748218022167482368"
"1124721010530504705","1088329751872253953"
"1108824100976365571","1088329751872253953"
"1123389011710697477","748218022167482368"
"976224269398102017","813434147331014659"
"835099071245336577","741216498451091456"
"988220484","3186718789"
"898085606554611713","998070813583597568"
"2263518776","748218022167482368"
"538154146","748218022167482368"
"625022549","2237347512"
"792827747601088513","748218022167482368"
"3355943277","748218022167482368"
"1112858611179511808","1088329751872253953"
"1108860720874221571","1088329751872253953"
"825666582651293698","3186718789"
"945677372799537152","945677372799537152"
"724306059796557825","3186718789"
"3193128664","748218022167482368"
"724306059796557825","748218022167482368"
"1063750063472566273","748218022167482368"
"1063595558936473600","3186718789"
"897036608200986624","748218022167482368"
"956355562203222016","748218022167482368"
"1628212950","813434147331014659"
"925490468191907840","4912870574"
"1013134688188289025","748218022167482368"
"1113528261680693248","748218022167482368"
"999001902628061185","748218022167482368"
"1044933033466494978","813434147331014659"
"999001902628061185","2184004813"
"813936238914863104","1088329751872253953"
"808997880505638912","748218022167482368"
"852937202443198464","904697932812869633"
"2387043738","4912870574"
"1066310828192870401","2980129686"
"701220384","4912870574"
"734960451621146624","4912870574"
"825666582651293698","904697932812869633"
"824404296963948547","4912870574"
"812741107","1088329751872253953"
"1088162497725648908","3305746557"
"741893232590606336","4912870574"
"1025644054107840514","1088329751872253953"
"2432740795","4912870574"
"558641952","4912870574"
"1042386661987049472","904697932812869633"
"1124333653360668672","1088329751872253953"
"888523995724861444","1088329751872253953"
"312878118","964246058539933698"
"955719860595523584","904697932812869633"
"776423280","818953972635566080"
"4765264360","4912870574"
"4746543801","1088329751872253953"
"201803989","904697932812869633"
"1099050726737760258","1088329751872253953"
"1538936053","1088329751872253953"
"2866975992","1088329751872253953"
"3017902529","749197086"
"2190515340","303404162"
"2810093845","813434147331014659"
"911406528967606272","713879948"
"1067560584","748218022167482368"
"1100194222446125056","1088329751872253953"
"1051114019933708291","748218022167482368"
"1072205248922558465","748218022167482368"
"1065369056319033345","748218022167482368"
"1001719219342409729","748218022167482368"
"1604597268","748218022167482368"
"1098334676689727488","748218022167482368"
"974638738062979072","748218022167482368"
"1077941027854606342","748218022167482368"
"747419517328863232","4912870574"
"991883005021995008","1079978888518926336"
"462024345","1391578778"
"1111936136","4912870574"
"1062698743391309825","4912870574"
"305812347","4912870574"
"970040012111724544","3166501473"
"436952533","2207421862"
"2224501436","4912870574"
"1236542582","4912870574"
"944662839670792193","1082867607819206658"
"983368414386417666","2967840123"
"1253268132","2207421862"
"736445585461481472","4912870574"
"1126313592788221952","2207421862"
"1057743768324108289","184006735"
"830106603659653121","795669709152722944"
"792949941698228228","2207421862"
"1006037010010791936","3237247119"
"1100715168982548480","1103826998009520128"
"1048355717189521409","1011081309576409090"
"915628639","1011081309576409090"
"1105048457046192129","1108964176880230401"
"885399130696273920","2207421862"
"3295687114","2207421862"
"575898428","2207421862"
"1079978888518926336","1124478686512721920"
"745383268376317952","3166501473"
"848059230917500929","551082183"
"234382669","3166501473"
"266275578","1023086511368036353"
"2776292945","2706981602"
"1083481716709359616","2645697943"
"2379421213","2184004813"
"1002255855738281984","2722245337"
"8092212","2207421862"
"971791996863074304","3025903169"
"1070109227165700096","904697932812869633"
"3040857100","1391578778"
"1054943531872256001","1088329751872253953"
"2936766057","1391578778"
"4409232682","777180274610307072"
"741435455997128706","1088329751872253953"
"743579496574492673","93659369"
"700397871670108160","93659369"
"861894516302860289","2577620090"
"1284748568","3770390538"
"851767989250772992","749197086"
"3104551134","3770390538"
"790199486622543872","3770390538"
"981914648734646273","3770390538"
"3271513411","1088329751872253953"
"1094169604174172161","3770390538"
"800929947950850048","3770390538"
"2820596422","1064910033773830144"
"1059431483847262208","3770390538"
"885146821294608384","3770390538"
"3067929044","3770390538"
"895223597018435584","773908258780221440"
"736644006977929216","1088329751872253953"
"3017329489","4912870574"
"2295668158","4582147815"
"4021150513","3770390538"
"1009197276282216449","1011081309576409090"
"864508748064317441","1088329751872253953"
"3255989316","805803519026544641"
"717283374495244288","3770390538"
"835099071245336577","1126415162850803718"
"1029321847257497600","3770390538"
"746306889835646976","4912870574"
"135510072","4912870574"
"857499324309221377","4912870574"
"880834247774392320","4912870574"
"922767538068496389","4912870574"
"1125781581359198208","4912870574"
"1635922094","4912870574"
"992997973","4912870574"
"785491900581220352","4912870574"
"761986740798230528","4912870574"
"2374749074","4912870574"
"1018438842620301313","4912870574"
"1090195092479066113","1088329751872253953"
"409777897","4912870574"
"1087354346222817281","2207421862"
"2807317452","4912870574"
"755392552019320832","4912870574"
"1107528710813409280","1112600805855485952"
"456006580","4912870574"
"1064389789376364544","4912870574"
"955213515983347712","4912870574"
"551846869","4912870574"
"851060143345328129","4912870574"
"1102524811438252033","4912870574"
"817125021642539011","4912870574"
"796369467290755077","4912870574"
"353705500","4912870574"
"1067404548354928640","4912870574"
"1090195092479066113","4912870574"
"1098131755553513472","4912870574"
"1617443857","4912870574"
"767122408461438976","4912870574"
"488660466","4912870574"
"1067437680617709568","4912870574"
"1067416565463699456","4912870574"
"4081755513","4912870574"
"717871674545209345","1112600805855485952"
"1042181564082343936","4912870574"
"1076901112052092929","4912870574"
"1055897262767923200","4912870574"
"706796537762996225","4912870574"
"1325253402","4912870574"
"1877327605","4912870574"
"900991528599928832","3770390538"
"1124270663328456704","4912870574"
"1067422835738476545","4912870574"
"715596321139331072","1112600805855485952"
"4063280511","4912870574"
"582591395","4912870574"
"120119291","4912870574"
"862731498088263681","4912870574"
"1072480246329470977","4912870574"
"1120674400011988994","4912870574"
"963699152659144704","4912870574"
"914862264787890177","4912870574"
"295271076","3237247119"
"613310770","4912870574"
"211923450","3301588165"
"1052628387976503296","4912870574"
"1064395488743456768","4912870574"
"714806274551054336","4912870574"
"1055359474934923264","4912870574"
"899660167737778177","4912870574"
"312065642","4912870574"
"1063505733675900928","4912870574"
"1020707059526971392","2207421862"
"1116665873677398017","4912870574"
"1091007512671850497","805803519026544641"
"911645707907379201","4912870574"
"4702956180","4912870574"
"2423613314","4912870574"
"1063600574157881344","4912870574"
"937746251369631744","4912870574"
"1064426948091211776","4912870574"
"1064417075270041600","4912870574"
"785595521197043712","4912870574"
"1064442655885512706","4912870574"
"716825930816065536","4176372419"
"356331710","4491968554"
"849738657208573952","4912870574"
"1080683292058210304","4912870574"
"772057750817865728","4912870574"
"307886497","2237347512"
"1098741390857646081","4912870574"
"625022549","2237347512"
"843202765543407621","4912870574"
"963753012744224768","4912870574"
"1024575159921831936","4912870574"
"846467673592606720","4582147815"
"846467673592606720","4582147815"
"705281467861958656","4912870574"
"835099071245336577","925797332393881600"
"835099071245336577","3313274687"
"869666057614708737","4912870574"
"819276208861040641","4912870574"
"806894314001485824","4912870574"
"1117168138192179202","1093139943734607872"
"1532191142","4912870574"
"935261261318762496","4912870574"
"877568230184714244","4912870574"
"835099071245336577","1108710676921499648"
"1123286586710462468","4912870574"
"851538448657895424","4912870574"
"721751680958619648","4912870574"
"1039887809899835393","3643068928"
"4874729819","4912870574"
"1082635176331534336","4912870574"
"915885313771364352","725169088465653760"
"1326771092","4912870574"
"3061825006","968543027017977858"
"3069782445","1072272831864496128"
"713348784332357632","4912870574"
"4824183928","1100196378356183040"
"223635317","3643068928"
"928775171820998656","968543027017977858"
"811287860225671168","4912870574"
"1321198436","856184985614770177"
"2607822552","4912870574"
"1031238917264236544","4912870574"
"3320750686","4642266853"
"1117244412613021696","4912870574"
"3770390538","3770390538"
"1652806538","1331186258"
"993493378674421761","822838860950466562"
"2721795102","2184004813"
"1067560584","4912870574"
"1111707395854688256","1088329751872253953"
"1007573382563532800","4912870574"
"1564264460","904697932812869633"
"904697932812869633","904697932812869633"
"3148695508","4912870574"
"867678287648223232","1069494120"
"925155197764202496","4912870574"
"3459253161","1050365075859668992"
"751184579340427268","1063135363131211776"
"835099071245336577","1016060391502372865"
"21131684","1117511284172513284"
"1032060932288077824","1063135363131211776"
"1074291674229170176","1010558454736437248"
"1010949612079845377","1331186258"
"869676414408302592","1067406064843452416"
"2772370157","904697932812869633"
"295733642","4912870574"
"1123286593626890241","2337993291"
"862051908","4912870574"
"3051313067","3643068928"
"2389847336","3643068928"
"913835051816833024","970439367004180482"
"1126596867964510216","1015824877037776896"
"1900515012","4912870574"
"2941150169","904697932812869633"
"4005859649","3643068928"
"4568350589","4912870574"
"1014593275968344065","228036188"
"835099071245336577","1067507581017559040"
"1102053974805372928","1088329751872253953"
"831559515459960832","904697932812869633"
"934080787313561600","551082183"
"2810093845","1088329751872253953"
"2231000730","228036188"
"1117916215895261190","551082183"
"1595946354","1963460600"
"125394377","904697932812869633"
"816310076","1100489588630568961"
"1053476672907939840","1088329751872253953"
"1109990812010582016","1088329751872253953"
"767863056416342016","1088329751872253953"
"776409288768000002","1088329751872253953"
"793795703491457024","904697932812869633"
"913509241167675398","1088329751872253953"
"725411681095000064","1088329751872253953"
"1518626898","1088329751872253953"
"1057956754716151809","1088329751872253953"
"1052197958081531904","904697932812869633"
"830582444856373249","228036188"
"919685896445808640","1088329751872253953"
"3039006092","713889466562297857"
"825666582651293698","1088329751872253953"
"936291818345455616","1088329751872253953"
"165358030","1088329751872253953"
"932416904139911168","4912870574"
"763721903819325441","1088329751872253953"
"3063644513","3882317848"
"1353025501","1088329751872253953"
"818007877495517184","4912870574"
"1110732134099152897","4912870574"
"1009335681062088704","1088329751872253953"
"968685654560464901","4912870574"
"792949941698228228","1039171055133315072"
"2663828348","4912870574"
"755603339937579008","4912870574"
"592268480","551082183"
"592268480","1108964176880230401"
"998373197274693633","1088329751872253953"
"2777157645","1088329751872253953"
"230951253","904697932812869633"
"1036315363930189825","1015824877037776896"
"1096098522900897795","1088329751872253953"
"830231311910580224","1039171055133315072"
"880423632819900416","1088329751872253953"
"935911625848180736","1108964176880230401"
"753781291313688576","1088329751872253953"
"797212688426401792","1088329751872253953"
"876983414074654721","1088329751872253953"
"715492170392846336","2758758563"
"171630831","4912870574"
"1095993516130369536","2184004813"
"925539577783357441","4912870574"
"343087652","1026722844590395394"
"1008951904423022592","4912870574"
"1125771140163612672","904697932812869633"
"461230569","4912870574"
"966464760408571904","1088329751872253953"
"759878123361972225","733650554816192514"
"399407329","1088329751872253953"
"846991590","4912870574"
"1066238396681588737","2772284026"
"901382423547531264","1088329751872253953"
"62886665","4912870574"
"3123161173","1088329751872253953"
"1099535859190091776","1088329751872253953"
"1123810173905199104","1088329751872253953"
"1018375791103447040","4912870574"
"2497688898","1088329751872253953"
"343087652","1026722844590395394"
"4124255362","1037344098552893440"
"1024097737875369984","1088329751872253953"
"1007887766712143872","1088329751872253953"
"947327418242514944","1088329751872253953"
"774934593300410373","4912870574"
"4169775785","1005357709695299584"
"909921739","4912870574"
"4697292505","1088329751872253953"
"1098781514454654976","1088329751872253953"
"3793724967","1088329751872253953"
"1115293054770921474","1011081309576409090"
"879286711498309633","1088329751872253953"
"805507432587886592","1088329751872253953"
"965838803989442560","1088329751872253953"
"928654134781337601","1088329751872253953"
"867032867335012353","1088329751872253953"
"4836036694","1088329751872253953"
"712944737364414464","1088329751872253953"
"812006414109413376","1088329751872253953"
"947539002076418048","1088329751872253953"
"1086999826531868672","1088329751872253953"
"748879922307993600","1088329751872253953"
"1057138454901870592","805803519026544641"
"1112790264005816322","4912870574"
"177550756","786215160721485824"
"1108268828918575105","4912870574"
"2793749108","1088329751872253953"
"799964908590747648","1088329751872253953"
"857975736463962112","4912870574"
"969070069471895552","1088329751872253953"
"738607861","1088329751872253953"
"414629679","4912870574"
"1059020629989572608","1088329751872253953"
"851538448657895424","904697932812869633"
"330688538","1088329751872253953"
"1113935609276461056","904697932812869633"
"768166333850718212","904697932812869633"
"2278497184","713879948"
"2891965836","1088329751872253953"
"3361248202","4912870574"
"2757683103","713879948"
"1017976690650173446","904697932812869633"
"857213785936875520","4912870574"
"3524818763","4912870574"
"1058442813350838272","904697932812869633"
"702220354199150601","1088329751872253953"
"1083481716709359616","925797332393881600"
"430580857","1088329751872253953"
"2778517301","813434147331014659"
"1609227246","813434147331014659"
"855681645147508736","1088329751872253953"
"1065878430833627137","1088329751872253953"
"14614465","1088329751872253953"
"960084431846477824","1963460600"
"1072574895148679168","1088329751872253953"
"1019457663766327296","1088329751872253953"
"1075997217914261504","1088329751872253953"
"799964908590747648","904697932812869633"
"621998781","818953972635566080"
"746331564380852224","1088329751872253953"
"939192746572689408","4912870574"
"1064860809602322432","1088329751872253953"
"1250156450","1088329751872253953"
"746545249476976640","4912870574"
"893096288669097985","4912870574"
"791744756078436352","1100489588630568961"
"1121180583982510080","1088329751872253953"
"2466825517","1011529197368594432"
"1055359474934923264","1088329751872253953"
"2228107395","4912870574"
"778587829","748218022167482368"
"2361257044","1088329751872253953"
"3229265663","1088329751872253953"
"4708775549","1088329751872253953"
"83685103","748218022167482368"
"879015310426345472","1088329751872253953"
"1082067857926688773","4912870574"
"2469600434","1088329751872253953"
"284221255","106411705"
"915885313771364352","875719190816182272"
"892110892485234690","4912870574"
"2957504935","1088329751872253953"
"3044548245","1088329751872253953"
"872518001391788037","4912870574"
"1054820238896680960","1064910033773830144"
"1000004686156652545","1088329751872253953"
"1067956651158687746","748218022167482368"
"830582444856373249","1064910033773830144"
"451543774","996667124318916608"
"1124808439","996667124318916608"
"182293385","996667124318916608"
"713348784332357632","748218022167482368"
"1104458707969150978","1088329751872253953"
"1032739267238223872","4912870574"
"2916403088","2980129686"
"2820596422","1064910033773830144"
"2292453980","4912870574"
"453038960","996667124318916608"
"1063537588320067585","1088329751872253953"
"757128781802926081","904697932812869633"
"864593043768451073","733650554816192514"
"1209825541","747864851192643589"
"3218978457","1088329751872253953"
"1106552303665012736","1088329751872253953"
"1077270059427483649","1088329751872253953"
"838382833856991233","1088329751872253953"
"1123810173905199104","4912870574"
"241244780","4912870574"
"1099511374089117697","1088329751872253953"
"1099871674269196289","1088329751872253953"
"4751985554","1096233244142399488"
"1106924675744100352","1088329751872253953"
"1099507982520336384","1088329751872253953"
"1099867089328693248","1088329751872253953"
"975447618733117441","1088329751872253953"
"711179084886364160","4912870574"
"1099515872580792320","1088329751872253953"
"1581195206","4912870574"
"1099517617683877889","1088329751872253953"
"857968334","1088329751872253953"
"1635922094","1088329751872253953"
"1108860738507100161","1088329751872253953"
"981995229573206017","904697932812869633"
"1099853309047795714","748218022167482368"
"1067378491543441409","2207421862"
"1064753779759898624","1088329751872253953"
"791744756078436352","1100489588630568961"
"793521383728963589","1088329751872253953"
"1056228452540530688","1104308539"
"747572644648783872","4582147815"
"553949011","3186718789"
"1052979951270531072","4912870574"
"2289008490","1048625592877367297"
"1045773785310334976","749197086"
"940611279194152962","239054727"
"1001114319654936578","813434147331014659"
"1022259288142761984","917805387964911616"
"1109638675774754816","1088329751872253953"
"2163317148","1088329751872253953"
"1047803207467118593","4912870574"
"1080568171415912448","1088329751872253953"
"927715185325957120","1088329751872253953"
"1114947470","904697932812869633"
"1063405155188502530","1088329751872253953"
"1114947470","3090049288"
"925945874986840069","1088329751872253953"
"1102511012001927168","1088329751872253953"
"1042473031489077248","1088329751872253953"
"736695698079502340","904697932812869633"
"1082768416489070595","1100196378356183040"
"960994487903297536","733650554816192514"
"1055436185999421445","1088329751872253953"
"2190690200","749197086"
"1125417948355674117","733650554816192514"
"835099071245336577","1126862245617700864"
"937193661514768384","733650554816192514"
"1105479541483429889","1088329751872253953"
"3629942293","748218022167482368"
"946545538576605185","748218022167482368"
"1064753779759898624","904697932812869633"
"1117168138192179202","1258181269"
"1036462045061939200","2537825904"
"2171699024","733650554816192514"
"1105478213277372417","1088329751872253953"
"1053255261853544453","4912870574"
"1105455846325010432","1088329751872253953"
"3449668941","748218022167482368"
"1407822182","733650554816192514"
"1071361615612780544","1088329751872253953"
"87232501","1017467394443350016"
"108590498","1088329751872253953"
"1110518575100559360","733650554816192514"
"65220041","1017467394443350016"
"808722336031641601","721507135033577472"
"784436020787961860","1126615545435054081"
"1102146092362317825","813434147331014659"
"761194200117317632","733650554816192514"
"1100854404314554370","904697932812869633"
"3240789303","813434147331014659"
"442347121","4912870574"
"1487497164","813434147331014659"
"2983302808","212742520"
"830106603659653121","926723584793497600"
"896034779165990913","813434147331014659"
"1120247410033401856","813434147331014659"
"960084431846477824","1218551917"
"1054067474579238918","926723584793497600"
"2238671080","1017467394443350016"
"940443108163989504","813434147331014659"
"934758863760486400","1100196378356183040"
"1121782168877961216","813434147331014659"
"785516755309461504","733650554816192514"
"825666582651293698","813434147331014659"
"1077941027854606342","813434147331014659"
"466250750","1276206235"
"1086999826531868672","904697932812869633"
"1084770790996885504","1088329751872253953"
"248650975","579967936"
"767863056416342016","813434147331014659"
"3392828927","794211550265372672"
"784838543898185728","733650554816192514"
"2249891725","1088329751872253953"
"4613478793","2613851196"
"893229023601586176","1088329751872253953"
"3320925254","794211550265372672"
"1031487226658664448","813434147331014659"
"1102337340159205376","1108710676921499648"
"1110518575100559360","904697932812869633"
"3315407483","813434147331014659"
"165358030","733650554816192514"
"797483715068887040","2772284026"
"909927991685390336","4464338416"
"1117168138192179202","777259627889254400"
"2431215513","1088329751872253953"
"3066176968","813434147331014659"
"1113948332634902529","813434147331014659"
"1083137219353669632","904697932812869633"
"715492170392846336","1114498613319696384"
"962219190538199041","1114498613319696384"
"1117168138192179202","1014867946353684481"
"798259960639537153","813434147331014659"
"845756762649219072","748218022167482368"
"726564551815221250","749197086"
"3282647389","748218022167482368"
"2240362933","748218022167482368"
"3453398548","748218022167482368"
"1113895460631207938","748218022167482368"
"899324034525143041","748218022167482368"
"2984858071","748218022167482368"
"772057750817865728","748218022167482368"
"1125773152599060481","748218022167482368"
"2244734521","748218022167482368"
"145043738","748218022167482368"
"4858894624","748218022167482368"
"1109657555607961601","748218022167482368"
"308348142","748218022167482368"
"1931071628","748218022167482368"
"4397715261","303404162"
"2842791621","748218022167482368"
"1099062925854232576","748218022167482368"
"825666582651293698","748218022167482368"
"1042671589794373632","748218022167482368"
"970862392547606528","748218022167482368"
"870757750384590848","748218022167482368"
"1605818887","748218022167482368"
"1321458960","748218022167482368"
"62755632","748218022167482368"
"1121782168877961216","748218022167482368"
"1103697540908748801","1088329751872253953"
"1068603941880037376","748218022167482368"
"2333445487","748218022167482368"
"1103697553969893377","1088329751872253953"
"4702956180","748218022167482368"
"856488426081837057","748218022167482368"
"4407276675","748218022167482368"
"464349293","748218022167482368"
"868850874306527232","748218022167482368"
"1052197958081531904","748218022167482368"
"781115788577148932","748218022167482368"
"864593043768451073","813434147331014659"
"825666582651293698","748218022167482368"
"1052975215532228609","748218022167482368"
"1083699336163188737","748218022167482368"
"864593043768451073","748218022167482368"
"3935772434","748218022167482368"
"906534569494577152","748218022167482368"
"1062506502227931136","748218022167482368"
"804588187","748218022167482368"
"2401006784","748218022167482368"
"1053688099275005952","748218022167482368"
"785138739089666048","748218022167482368"
"1094192896151035905","748218022167482368"
"399407329","748218022167482368"
"1103754579576004608","1088329751872253953"
"1106769634932473857","1088329751872253953"
"1106769742831013889","1088329751872253953"
"835099071245336577","867439203315052553"
"703682651467735040","748218022167482368"
"987861317334831104","748218022167482368"
"4708775549","748218022167482368"
"1080683292058210304","748218022167482368"
"927637211322793984","748218022167482368"
"1088018077323747328","748218022167482368"
"330688538","748218022167482368"
"1106924400723591169","1088329751872253953"
"1668183192","748218022167482368"
"862148214","748218022167482368"
"1119414872700280844","748218022167482368"
"4659791357","748218022167482368"
"1073664673998925826","748218022167482368"
"927949117254336512","748218022167482368"
"101337529","748218022167482368"
"772467487464099840","748218022167482368"
"1108824122820345858","1088329751872253953"
"2963953238","748218022167482368"
"1106924432352821248","1088329751872253953"
"1106924446936383488","1088329751872253953"
"835099071245336577","3186718789"
"25897159","849741614868295682"
"984428981989457920","748218022167482368"
"3237360099","748218022167482368"
"1110703009661665282","1088329751872253953"
"1077302952237228032","748218022167482368"
"2938187305","748218022167482368"
"77384729","4912870574"
"3078915533","748218022167482368"
"829354880317923329","748218022167482368"
"1090745330814062593","748218022167482368"
"4169775785","1975235785"
"1118941815892262912","748218022167482368"
"125394377","3186718789"
"2911787659","748218022167482368"
"829112671983247362","748218022167482368"
"755808396981436416","579967936"
"4408555348","748218022167482368"
"1084770790996885504","748218022167482368"
"1068239045766144000","3186718789"
"825666582651293698","3186718789"
"1096659708004298752","1088329751872253953"
"766790917072101377","3186718789"
"3322431385","748218022167482368"
"179058446","748218022167482368"
"776195924410322945","904697932812869633"
"1122125071009497088","748218022167482368"
"874845706795745281","748218022167482368"
"1628212950","748218022167482368"
"856112975282937858","748218022167482368"
"1064898794335027202","748218022167482368"
"1117988996888526848","748218022167482368"
"831701994398167040","748218022167482368"
"2263063602","748218022167482368"
"4610129734","748218022167482368"
"1077885787826503681","813434147331014659"
"737586308","3186718789"
"828073645905829888","748218022167482368"
"805587932958572544","748218022167482368"
"1091918398982893568","748218022167482368"
"990896108615356416","748218022167482368"
"1125575342142308353","813434147331014659"
"2468506634","3186718789"
"999001902628061185","813434147331014659"
"2740351702","813434147331014659"
"1095993516130369536","1029367445159440384"
